Periodo detencao (anos),N.. Participacoes SCR,% Participacoes SCR,% Valor SCR,N.. Participacoes FCR,% Participacoes FCR,% Valor FCR,N.. Participacoes Total,% Participacoes Total,% Valor Total
[0-2[,17,0.1619047619,2.6,160,0.3013182674,22,177,0.2783018868,14
[2-4[,20,0.1904761905,90.6,140,0.263653484,41.6,160,0.251572327,61.7
[4-6[,15,0.1428571429,3.5,99,0.186440678,19.6,114,0.179245283,12.9
[6-8[,16,0.1523809524,1,57,0.1073446328,5.7,73,0.1147798742,3.7
[8-10[,7,0.06666666667,0.1,19,0.03578154426,1,26,0.04088050314,0.6
>= 10,30,0.2857142857,2.3,56,0.1054613936,10.2,86,0.1352201258,6.9
Total,105,1,100.1,531,1,100.1,636,1,99.8